ID,Event,File Name,File Format,File Size (Bytes),File Size (MB),Date Taken,Date Digitized,Software,Image Width,Image Height,Units,Latitude,DMS,Longitude,DMS,Camera,Exposure Time,Flash Used?,Lens Model
1,,IMG_1816.jpeg,image/jpeg,1694906,1.69,2018:01:05 16:24:09,2018:01:05 16:24:09,11.2.1,72,72,Pixels/Inch,N,"[37, 47, 1031/100]",W,"[122, 24, 73/25]",iPhone 7,1/15,"Flash did not fire, compulsory flash mode",iPhone 7 back camera 3.99mm f/1.8
2,,IMG_4904.jpg,image/jpeg,1927635,1.93,2017:07:03 16:42:42,2017:07:03 16:42:42,Photos 3.0,72,72,Pixels/Inch,N,"[42, 5, 339/10]",W,"[88, 0, 982/25]",iPhone 6,1/618,"Flash did not fire, compulsory flash mode",iPhone 6 back camera 4.15mm f/2.2
3,,IMG_5618.jpg,image/jpeg,2182228,2.18,2018:04:07 10:54:16,2018:04:07 10:54:16,Photos 3.0,72,72,Pixels/Inch,N,"[41, 35, 17]",W,"[93, 37, 193/100]",iPhone 6,1/30,"Flash did not fire, compulsory flash mode",iPhone 6 back camera 4.15mm f/2.2
4,,IMG_5722.jpg,image/jpeg,1473625,1.47,2018:05:08 18:22:08,2018:05:08 18:22:08,Photos 3.0,72,72,Pixels/Inch,N,"[41, 34, 1114/25]",W,"[93, 40, 5333/100]",iPhone 6,1/439,"Flash did not fire, auto mode",iPhone 6 back camera 4.15mm f/2.2
5,Beyond Coal Rally To Divest!,Beyond Coal (10 of 24).jpg,image/jpeg,1452242,1.45,2012:12:07 13:12:24,2012:12:07 13:12:24,Adobe Photoshop Lightroom 4.2 (Windows),240,240,Pixels/Inch,,,,,Canon EOS REBEL T3i,1/800,"Flash did not fire, compulsory flash mode",30mm
6,Beyond Coal Rally To Divest!,Beyond Coal (11 of 24).jpg,image/jpeg,786139,0.79,2012:12:07 13:12:56,2012:12:07 13:12:56,Adobe Photoshop Lightroom 4.2 (Windows),240,240,Pixels/Inch,,,,,Canon EOS REBEL T3i,1/400,"Flash did not fire, compulsory flash mode",30mm
7,Beyond Coal Rally To Divest!,Beyond Coal (12 of 24).jpg,image/jpeg,740895,0.74,2012:12:07 13:13:58,2012:12:07 13:13:58,Adobe Photoshop Lightroom 4.2 (Windows),240,240,Pixels/Inch,,,,,Canon EOS REBEL T3i,1/800,"Flash did not fire, compulsory flash mode",30mm
8,Beyond Coal Rally To Divest!,Beyond Coal (13 of 24).jpg,image/jpeg,968663,0.97,2012:12:07 13:14:55,2012:12:07 13:14:55,Adobe Photoshop Lightroom 4.2 (Windows),240,240,Pixels/Inch,,,,,Canon EOS REBEL T3i,1/800,"Flash did not fire, compulsory flash mode",30mm
9,Beyond Coal Rally To Divest!,Beyond Coal (14 of 24).jpg,image/jpeg,826741,0.83,2012:12:07 13:14:16,2012:12:07 13:14:16,Adobe Photoshop Lightroom 4.2 (Windows),240,240,Pixels/Inch,,,,,Canon EOS REBEL T3i,1/800,"Flash did not fire, compulsory flash mode",30mm
10,Beyond Coal Rally To Divest!,Beyond Coal (15 of 24).jpg,image/jpeg,999934,1.0,2012:12:07 13:17:01,2012:12:07 13:17:01,Adobe Photoshop Lightroom 4.2 (Windows),240,240,Pixels/Inch,,,,,Canon EOS REBEL T3i,1/640,"Flash did not fire, compulsory flash mode",30mm
11,Beyond Coal Rally To Divest!,Beyond Coal (16 of 24).jpg,image/jpeg,1300631,1.3,2012:12:07 13:26:19,2012:12:07 13:26:19,Adobe Photoshop Lightroom 4.2 (Windows),240,240,Pixels/Inch,,,,,Canon EOS REBEL T3i,1/400,"Flash did not fire, compulsory flash mode",30mm
12,Beyond Coal Rally To Divest!,Beyond Coal (17 of 24).jpg,image/jpeg,787180,0.79,2012:12:07 13:20:32,2012:12:07 13:20:32,Adobe Photoshop Lightroom 4.2 (Windows),240,240,Pixels/Inch,,,,,Canon EOS REBEL T3i,1/800,"Flash did not fire, compulsory flash mode",30mm
13,Beyond Coal Rally To Divest!,Beyond Coal (18 of 24).jpg,image/jpeg,1152490,1.15,2012:12:07 13:22:56,2012:12:07 13:22:56,Adobe Photoshop Lightroom 4.2 (Windows),240,240,Pixels/Inch,,,,,Canon EOS REBEL T3i,1/500,"Flash did not fire, compulsory flash mode",30mm
14,Beyond Coal Rally To Divest!,Beyond Coal (19 of 24).jpg,image/jpeg,844407,0.84,2012:12:07 13:21:06,2012:12:07 13:21:06,Adobe Photoshop Lightroom 4.2 (Windows),240,240,Pixels/Inch,,,,,Canon EOS REBEL T3i,1/500,"Flash did not fire, compulsory flash mode",30mm
15,Beyond Coal Rally To Divest!,Beyond Coal (20 of 24).jpg,image/jpeg,822124,0.82,2012:12:07 13:27:04,2012:12:07 13:27:04,Adobe Photoshop Lightroom 4.2 (Windows),240,240,Pixels/Inch,,,,,Canon EOS REBEL T3i,1/400,"Flash did not fire, compulsory flash mode",30mm
16,Beyond Coal Rally To Divest!,Beyond Coal (21 of 24).jpg,image/jpeg,953623,0.95,2012:12:07 13:34:37,2012:12:07 13:34:37,Adobe Photoshop Lightroom 4.2 (Windows),240,240,Pixels/Inch,,,,,Canon EOS REBEL T3i,1/400,"Flash did not fire, compulsory flash mode",30mm
17,Beyond Coal Rally To Divest!,Beyond Coal (22 of 24).jpg,image/jpeg,830119,0.83,2012:12:07 13:25:45,2012:12:07 13:25:45,Adobe Photoshop Lightroom 4.2 (Windows),240,240,Pixels/Inch,,,,,Canon EOS REBEL T3i,1/640,"Flash did not fire, compulsory flash mode",30mm
18,Beyond Coal Rally To Divest!,Beyond Coal (23 of 24).jpg,image/jpeg,906204,0.91,2012:12:07 13:21:57,2012:12:07 13:21:57,Adobe Photoshop Lightroom 4.2 (Windows),240,240,Pixels/Inch,,,,,Canon EOS REBEL T3i,1/500,"Flash did not fire, compulsory flash mode",30mm
19,Beyond Coal Rally To Divest!,Beyond Coal (24 of 24).jpg,image/jpeg,896410,0.9,2012:12:07 13:39:45,2012:12:07 13:39:45,Adobe Photoshop Lightroom 4.2 (Windows),240,240,Pixels/Inch,,,,,Canon EOS REBEL T3i,1/500,"Flash did not fire, compulsory flash mode",30mm
20,Beyond Coal Rally To Divest!,Beyond Coal (25 of 24).jpg,image/jpeg,909002,0.91,2012:12:07 13:40:56,2012:12:07 13:40:56,Adobe Photoshop Lightroom 4.2 (Windows),240,240,Pixels/Inch,,,,,Canon EOS REBEL T3i,1/250,"Flash did not fire, compulsory flash mode",30mm
21,Beyond Coal Rally To Divest!,Beyond Coal (26 of 24).jpg,image/jpeg,766619,0.77,2012:12:07 13:41:09,2012:12:07 13:41:09,Adobe Photoshop Lightroom 4.2 (Windows),240,240,Pixels/Inch,,,,,Canon EOS REBEL T3i,1/640,"Flash did not fire, compulsory flash mode",30mm
22,Beyond Coal Rally To Divest!,Beyond Coal (27 of 24).jpg,image/jpeg,844531,0.84,2012:12:07 13:42:03,2012:12:07 13:42:03,Adobe Photoshop Lightroom 4.2 (Windows),240,240,Pixels/Inch,,,,,Canon EOS REBEL T3i,1/320,"Flash did not fire, compulsory flash mode",30mm
23,Beyond Coal Rally To Divest!,Beyond Coal (28 of 24).jpg,image/jpeg,1155037,1.16,2012:12:07 13:41:42,2012:12:07 13:41:42,Adobe Photoshop Lightroom 4.2 (Windows),240,240,Pixels/Inch,,,,,Canon EOS REBEL T3i,1/400,"Flash did not fire, compulsory flash mode",30mm
24,Beyond Coal Rally To Divest!,Beyond Coal (29 of 24).jpg,image/jpeg,891676,0.89,2012:12:07 13:41:56,2012:12:07 13:41:56,Adobe Photoshop Lightroom 4.2 (Windows),240,240,Pixels/Inch,,,,,Canon EOS REBEL T3i,1/250,"Flash did not fire, compulsory flash mode",30mm
25,Beyond Coal Rally To Divest!,Beyond Coal (30 of 24).jpg,image/jpeg,846765,0.85,2012:12:07 13:42:13,2012:12:07 13:42:13,Adobe Photoshop Lightroom 4.2 (Windows),240,240,Pixels/Inch,,,,,Canon EOS REBEL T3i,1/400,"Flash did not fire, compulsory flash mode",30mm
26,Beyond Coal Rally To Divest!,Beyond Coal (31 of 24).jpg,image/jpeg,940919,0.94,2012:12:07 13:44:05,2012:12:07 13:44:05,Adobe Photoshop Lightroom 4.2 (Windows),240,240,Pixels/Inch,,,,,Canon EOS REBEL T3i,1/200,"Flash did not fire, compulsory flash mode",30mm
27,Beyond Coal Rally To Divest!,Beyond Coal (32 of 24).jpg,image/jpeg,1211180,1.21,2012:12:07 13:45:26,2012:12:07 13:45:26,Adobe Photoshop Lightroom 4.2 (Windows),240,240,Pixels/Inch,,,,,Canon EOS REBEL T3i,1/320,"Flash did not fire, compulsory flash mode",30mm
28,Beyond Coal Rally To Divest!,Beyond Coal (33 of 24).jpg,image/jpeg,1553778,1.55,2012:12:07 13:45:55,2012:12:07 13:45:55,Adobe Photoshop Lightroom 4.2 (Windows),240,240,Pixels/Inch,,,,,Canon EOS REBEL T3i,1/320,"Flash did not fire, compulsory flash mode",30mm
29,"GEO rally and march, November 8 2012",GEO Rally 2012 (10 of 36).jpg,image/jpeg,1005225,1.01,2012:11:08 13:25:02,2012:11:08 13:25:02,Adobe Photoshop Lightroom 4.2 (Windows),240,240,Pixels/Inch,,,,,Canon EOS REBEL T3i,1/2000,"Flash did not fire, compulsory flash mode",30mm
30,"GEO rally and march, November 8 2012",GEO Rally 2012 (11 of 36).jpg,image/jpeg,1031431,1.03,2012:11:08 13:16:39,2012:11:08 13:16:39,Adobe Photoshop Lightroom 4.2 (Windows),240,240,Pixels/Inch,,,,,Canon EOS REBEL T3i,1/1600,"Flash did not fire, compulsory flash mode",30mm
31,"GEO rally and march, November 8 2012",GEO Rally 2012 (12 of 36).jpg,image/jpeg,689837,0.69,2012:11:08 13:10:27,2012:11:08 13:10:27,Adobe Photoshop Lightroom 4.2 (Windows),240,240,Pixels/Inch,,,,,Canon EOS REBEL T3i,1/1000,"Flash did not fire, compulsory flash mode",30mm
32,"GEO rally and march, November 8 2012",GEO Rally 2012 (13 of 36).jpg,image/jpeg,722385,0.72,2012:11:08 13:14:26,2012:11:08 13:14:26,Adobe Photoshop Lightroom 4.2 (Windows),240,240,Pixels/Inch,,,,,Canon EOS REBEL T3i,1/2000,"Flash did not fire, compulsory flash mode",30mm
33,"GEO rally and march, November 8 2012",GEO Rally 2012 (14 of 36).jpg,image/jpeg,734547,0.73,2012:11:08 13:26:48,2012:11:08 13:26:48,Adobe Photoshop Lightroom 4.2 (Windows),240,240,Pixels/Inch,,,,,Canon EOS REBEL T3i,1/2500,"Flash did not fire, compulsory flash mode",30mm
34,"GEO rally and march, November 8 2012",GEO Rally 2012 (15 of 36).jpg,image/jpeg,1340992,1.34,2012:11:08 13:09:44,2012:11:08 13:09:44,Adobe Photoshop Lightroom 4.2 (Windows),240,240,Pixels/Inch,,,,,Canon EOS REBEL T3i,1/800,"Flash did not fire, compulsory flash mode",30mm
35,"GEO rally and march, November 8 2012",GEO Rally 2012 (16 of 36).jpg,image/jpeg,895344,0.9,2012:11:08 13:19:53,2012:11:08 13:19:53,Adobe Photoshop Lightroom 4.2 (Windows),240,240,Pixels/Inch,,,,,Canon EOS REBEL T3i,1/1250,"Flash did not fire, compulsory flash mode",30mm
36,"GEO rally and march, November 8 2012",GEO Rally 2012 (17 of 36).jpg,image/jpeg,1024596,1.02,2012:11:08 13:19:31,2012:11:08 13:19:31,Adobe Photoshop Lightroom 4.2 (Windows),240,240,Pixels/Inch,,,,,Canon EOS REBEL T3i,1/2000,"Flash did not fire, compulsory flash mode",30mm
37,"GEO rally and march, November 8 2012",GEO Rally 2012 (19 of 36).jpg,image/jpeg,778452,0.78,2012:11:08 13:22:35,2012:11:08 13:22:35,Adobe Photoshop Lightroom 4.2 (Windows),240,240,Pixels/Inch,,,,,Canon EOS REBEL T3i,1/2000,"Flash did not fire, compulsory flash mode",30mm
38,"GEO rally and march, November 8 2012",GEO Rally 2012 (20 of 36).jpg,image/jpeg,892933,0.89,2012:11:08 13:25:15,2012:11:08 13:25:15,Adobe Photoshop Lightroom 4.2 (Windows),240,240,Pixels/Inch,,,,,Canon EOS REBEL T3i,1/1600,"Flash did not fire, compulsory flash mode",30mm
39,"GEO rally and march, November 8 2012",GEO Rally 2012 (21 of 36).jpg,image/jpeg,1429455,1.43,2012:11:08 13:37:58,2012:11:08 13:37:58,Adobe Photoshop Lightroom 4.2 (Windows),240,240,Pixels/Inch,,,,,Canon EOS REBEL T3i,1/1600,"Flash did not fire, compulsory flash mode",30mm
40,"GEO rally and march, November 8 2012",GEO Rally 2012 (22 of 36).jpg,image/jpeg,948887,0.95,2012:11:08 13:46:10,2012:11:08 13:46:10,Adobe Photoshop Lightroom 4.2 (Windows),240,240,Pixels/Inch,,,,,Canon EOS REBEL T3i,1/1250,"Flash did not fire, compulsory flash mode",30mm
41,"GEO rally and march, November 8 2012",GEO Rally 2012 (23 of 36).jpg,image/jpeg,1475916,1.48,2012:11:08 13:46:13,2012:11:08 13:46:13,Adobe Photoshop Lightroom 4.2 (Windows),240,240,Pixels/Inch,,,,,Canon EOS REBEL T3i,1/1000,"Flash did not fire, compulsory flash mode",30mm
42,"GEO rally and march, November 8 2012",GEO Rally 2012 (24 of 36).jpg,image/jpeg,1227766,1.23,2012:11:08 13:46:19,2012:11:08 13:46:19,Adobe Photoshop Lightroom 4.2 (Windows),240,240,Pixels/Inch,,,,,Canon EOS REBEL T3i,1/2000,"Flash did not fire, compulsory flash mode",30mm
43,"GEO rally and march, November 8 2012",GEO Rally 2012 (25 of 36).jpg,image/jpeg,933270,0.93,2012:11:08 13:47:08,2012:11:08 13:47:08,Adobe Photoshop Lightroom 4.2 (Windows),240,240,Pixels/Inch,,,,,Canon EOS REBEL T3i,1/1600,"Flash did not fire, compulsory flash mode",30mm
44,"GEO rally and march, November 8 2012",GEO Rally 2012 (26 of 36).jpg,image/jpeg,872118,0.87,2012:11:08 13:47:16,2012:11:08 13:47:16,Adobe Photoshop Lightroom 4.2 (Windows),240,240,Pixels/Inch,,,,,Canon EOS REBEL T3i,1/800,"Flash did not fire, compulsory flash mode",30mm
45,"GEO rally and march, November 8 2012",GEO Rally 2012 (27 of 36).jpg,image/jpeg,1617882,1.62,2012:11:08 13:48:18,2012:11:08 13:48:18,Adobe Photoshop Lightroom 4.2 (Windows),240,240,Pixels/Inch,,,,,Canon EOS REBEL T3i,1/800,"Flash did not fire, compulsory flash mode",30mm
46,"GEO rally and march, November 8 2012",GEO Rally 2012 (28 of 36).jpg,image/jpeg,1145162,1.15,2012:11:08 13:48:29,2012:11:08 13:48:29,Adobe Photoshop Lightroom 4.2 (Windows),240,240,Pixels/Inch,,,,,Canon EOS REBEL T3i,1/2000,"Flash did not fire, compulsory flash mode",30mm
47,"GEO rally and march, November 8 2012",GEO Rally 2012 (29 of 36).jpg,image/jpeg,1452370,1.45,2012:11:08 13:48:31,2012:11:08 13:48:31,Adobe Photoshop Lightroom 4.2 (Windows),240,240,Pixels/Inch,,,,,Canon EOS REBEL T3i,1/1000,"Flash did not fire, compulsory flash mode",30mm
48,"GEO rally and march, November 8 2012",GEO Rally 2012 (30 of 36).jpg,image/jpeg,1464797,1.46,2012:11:08 13:48:36,2012:11:08 13:48:36,Adobe Photoshop Lightroom 4.2 (Windows),240,240,Pixels/Inch,,,,,Canon EOS REBEL T3i,1/1000,"Flash did not fire, compulsory flash mode",30mm
49,"GEO rally and march, November 8 2012",GEO Rally 2012 (31 of 36).jpg,image/jpeg,1368673,1.37,2012:11:08 13:48:39,2012:11:08 13:48:39,Adobe Photoshop Lightroom 4.2 (Windows),240,240,Pixels/Inch,,,,,Canon EOS REBEL T3i,1/1000,"Flash did not fire, compulsory flash mode",30mm
50,"GEO rally and march, November 8 2012",GEO Rally 2012 (32 of 36).jpg,image/jpeg,1193805,1.19,2012:11:08 13:48:43,2012:11:08 13:48:43,Adobe Photoshop Lightroom 4.2 (Windows),240,240,Pixels/Inch,,,,,Canon EOS REBEL T3i,1/800,"Flash did not fire, compulsory flash mode",30mm
51,"GEO rally and march, November 8 2012",GEO Rally 2012 (33 of 36).jpg,image/jpeg,1013425,1.01,2012:11:08 13:48:46,2012:11:08 13:48:46,Adobe Photoshop Lightroom 4.2 (Windows),240,240,Pixels/Inch,,,,,Canon EOS REBEL T3i,1/1250,"Flash did not fire, compulsory flash mode",30mm
52,"GEO rally and march, November 8 2012",GEO Rally 2012 (34 of 36).jpg,image/jpeg,1469431,1.47,2012:11:08 13:48:49,2012:11:08 13:48:49,Adobe Photoshop Lightroom 4.2 (Windows),240,240,Pixels/Inch,,,,,Canon EOS REBEL T3i,1/1000,"Flash did not fire, compulsory flash mode",30mm
53,"GEO rally and march, November 8 2012",GEO Rally 2012 (35 of 36).jpg,image/jpeg,1065110,1.07,2012:11:08 13:48:56,2012:11:08 13:48:56,Adobe Photoshop Lightroom 4.2 (Windows),240,240,Pixels/Inch,,,,,Canon EOS REBEL T3i,1/1250,"Flash did not fire, compulsory flash mode",30mm
54,"GEO rally and march, November 8 2012",GEO Rally 2012 (36 of 36).jpg,image/jpeg,896553,0.9,2012:11:08 13:49:07,2012:11:08 13:49:07,Adobe Photoshop Lightroom 4.2 (Windows),240,240,Pixels/Inch,,,,,Canon EOS REBEL T3i,1/1250,"Flash did not fire, compulsory flash mode",30mm
55,"GEO rally and march, November 8 2012",GEO Rally 2012 (37 of 36).jpg,image/jpeg,1057465,1.06,2012:11:08 13:49:10,2012:11:08 13:49:10,Adobe Photoshop Lightroom 4.2 (Windows),240,240,Pixels/Inch,,,,,Canon EOS REBEL T3i,1/1600,"Flash did not fire, compulsory flash mode",30mm
56,"GEO rally and march, November 8 2012",GEO Rally 2012 (38 of 36).jpg,image/jpeg,1053088,1.05,2012:11:08 13:49:45,2012:11:08 13:49:45,Adobe Photoshop Lightroom 4.2 (Windows),240,240,Pixels/Inch,,,,,Canon EOS REBEL T3i,1/640,"Flash did not fire, compulsory flash mode",30mm
57,"GEO rally and march, November 8 2012",GEO Rally 2012 (39 of 36).jpg,image/jpeg,1044130,1.04,2012:11:08 13:50:18,2012:11:08 13:50:18,Adobe Photoshop Lightroom 4.2 (Windows),240,240,Pixels/Inch,,,,,Canon EOS REBEL T3i,1/2000,"Flash did not fire, compulsory flash mode",30mm
58,"GEO rally and march, November 8 2012",GEO Rally 2012 (40 of 36).jpg,image/jpeg,2063201,2.06,2012:11:08 13:51:05,2012:11:08 13:51:05,Adobe Photoshop Lightroom 4.2 (Windows),240,240,Pixels/Inch,,,,,Canon EOS REBEL T3i,1/1250,"Flash did not fire, compulsory flash mode",30mm
59,"GEO rally and march, November 8 2012",GEO Rally 2012 (41 of 36).jpg,image/jpeg,915738,0.92,2012:11:08 13:51:22,2012:11:08 13:51:22,Adobe Photoshop Lightroom 4.2 (Windows),240,240,Pixels/Inch,,,,,Canon EOS REBEL T3i,1/400,"Flash did not fire, compulsory flash mode",30mm
60,"GEO rally and march, November 8 2012",GEO Rally 2012 (42 of 36).jpg,image/jpeg,1134440,1.13,2012:11:08 13:51:25,2012:11:08 13:51:25,Adobe Photoshop Lightroom 4.2 (Windows),240,240,Pixels/Inch,,,,,Canon EOS REBEL T3i,1/400,"Flash did not fire, compulsory flash mode",30mm
61,"GEO rally and march, November 8 2012",GEO Rally 2012 (43 of 36).jpg,image/jpeg,1221343,1.22,2012:11:08 13:51:29,2012:11:08 13:51:29,Adobe Photoshop Lightroom 4.2 (Windows),240,240,Pixels/Inch,,,,,Canon EOS REBEL T3i,1/1250,"Flash did not fire, compulsory flash mode",30mm
62,"GEO rally and march, November 8 2012",GEO Rally 2012 (44 of 36).jpg,image/jpeg,1012368,1.01,2012:11:08 13:51:44,2012:11:08 13:51:44,Adobe Photoshop Lightroom 4.2 (Windows),240,240,Pixels/Inch,,,,,Canon EOS REBEL T3i,1/1250,"Flash did not fire, compulsory flash mode",30mm
63,"GEO rally and march, November 8 2012",GEO Rally 2012 (45 of 36).jpg,image/jpeg,920338,0.92,2012:11:08 13:51:51,2012:11:08 13:51:51,Adobe Photoshop Lightroom 4.2 (Windows),240,240,Pixels/Inch,,,,,Canon EOS REBEL T3i,1/1600,"Flash did not fire, compulsory flash mode",30mm
64,Girl Geek Week 2013,Girls Geek Out (10 of 38).jpg,image/jpeg,1153326,1.15,2013:02:18 15:26:20,2013:02:18 15:26:20,Adobe Photoshop Lightroom 4.2 (Windows),240,240,Pixels/Inch,,,,,Canon EOS REBEL T3i,1/100,"Flash did not fire, compulsory flash mode",30mm
65,Girl Geek Week 2013,Girls Geek Out (11 of 38).jpg,image/jpeg,602587,0.6,2013:02:18 15:29:39,2013:02:18 15:29:39,Adobe Photoshop Lightroom 4.2 (Windows),240,240,Pixels/Inch,,,,,Canon EOS REBEL T3i,1/50,"Flash did not fire, compulsory flash mode",30mm
66,Girl Geek Week 2013,Girls Geek Out (12 of 38).jpg,image/jpeg,837381,0.84,2013:02:18 15:32:20,2013:02:18 15:32:20,Adobe Photoshop Lightroom 4.2 (Windows),240,240,Pixels/Inch,,,,,Canon EOS REBEL T3i,1/320,"Flash did not fire, compulsory flash mode",30mm
67,Girl Geek Week 2013,Girls Geek Out (13 of 38).jpg,image/jpeg,1296383,1.3,2013:02:18 15:43:16,2013:02:18 15:43:16,Adobe Photoshop Lightroom 4.2 (Windows),240,240,Pixels/Inch,,,,,Canon EOS REBEL T3i,1/2000,"Flash did not fire, compulsory flash mode",30mm
68,Girl Geek Week 2013,Girls Geek Out (14 of 38).jpg,image/jpeg,450512,0.45,2013:02:18 15:28:17,2013:02:18 15:28:17,Adobe Photoshop Lightroom 4.2 (Windows),240,240,Pixels/Inch,,,,,Canon EOS REBEL T3i,1/60,"Flash did not fire, compulsory flash mode",30mm
69,Girl Geek Week 2013,Girls Geek Out (15 of 38).jpg,image/jpeg,558368,0.56,2013:02:18 15:30:32,2013:02:18 15:30:32,Adobe Photoshop Lightroom 4.2 (Windows),240,240,Pixels/Inch,,,,,Canon EOS REBEL T3i,1/40,"Flash did not fire, compulsory flash mode",30mm
70,Girl Geek Week 2013,Girls Geek Out (16 of 38).jpg,image/jpeg,1000407,1.0,2013:02:18 15:44:02,2013:02:18 15:44:02,Adobe Photoshop Lightroom 4.2 (Windows),240,240,Pixels/Inch,,,,,Canon EOS REBEL T3i,1/1250,"Flash did not fire, compulsory flash mode",30mm
71,Girl Geek Week 2013,Girls Geek Out (17 of 38).jpg,image/jpeg,1238306,1.24,2013:02:18 15:44:35,2013:02:18 15:44:35,Adobe Photoshop Lightroom 4.2 (Windows),240,240,Pixels/Inch,,,,,Canon EOS REBEL T3i,1/500,"Flash did not fire, compulsory flash mode",30mm
72,Girl Geek Week 2013,Girls Geek Out (18 of 38).jpg,image/jpeg,1148564,1.15,2013:02:18 15:47:08,2013:02:18 15:47:08,Adobe Photoshop Lightroom 4.2 (Windows),240,240,Pixels/Inch,,,,,Canon EOS REBEL T3i,1/800,"Flash did not fire, compulsory flash mode",30mm
73,Girl Geek Week 2013,Girls Geek Out (19 of 38).jpg,image/jpeg,963475,0.96,2013:02:18 15:48:50,2013:02:18 15:48:50,Adobe Photoshop Lightroom 4.2 (Windows),240,240,Pixels/Inch,,,,,Canon EOS REBEL T3i,1/800,"Flash did not fire, compulsory flash mode",30mm
74,Girl Geek Week 2013,Girls Geek Out (20 of 38).jpg,image/jpeg,1030709,1.03,2013:02:18 15:49:32,2013:02:18 15:49:32,Adobe Photoshop Lightroom 4.2 (Windows),240,240,Pixels/Inch,,,,,Canon EOS REBEL T3i,1/1000,"Flash did not fire, compulsory flash mode",30mm
75,Girl Geek Week 2013,Girls Geek Out (21 of 38).jpg,image/jpeg,1046744,1.05,2013:02:18 15:49:10,2013:02:18 15:49:10,Adobe Photoshop Lightroom 4.2 (Windows),240,240,Pixels/Inch,,,,,Canon EOS REBEL T3i,1/1000,"Flash did not fire, compulsory flash mode",30mm
76,Girl Geek Week 2013,Girls Geek Out (22 of 38).jpg,image/jpeg,957875,0.96,2013:02:18 15:49:40,2013:02:18 15:49:40,Adobe Photoshop Lightroom 4.2 (Windows),240,240,Pixels/Inch,,,,,Canon EOS REBEL T3i,1/1000,"Flash did not fire, compulsory flash mode",30mm
77,Girl Geek Week 2013,Girls Geek Out (23 of 38).jpg,image/jpeg,1147640,1.15,2013:02:18 15:51:28,2013:02:18 15:51:28,Adobe Photoshop Lightroom 4.2 (Windows),240,240,Pixels/Inch,,,,,Canon EOS REBEL T3i,1/3200,"Flash did not fire, compulsory flash mode",30mm
78,Girl Geek Week 2013,Girls Geek Out (24 of 38).jpg,image/jpeg,1200703,1.2,2013:02:18 16:15:54,2013:02:18 16:15:54,Adobe Photoshop Lightroom 4.2 (Windows),240,240,Pixels/Inch,,,,,Canon EOS REBEL T3i,1/2000,"Flash did not fire, compulsory flash mode",30mm
79,Girl Geek Week 2013,Girls Geek Out (25 of 38).jpg,image/jpeg,1131635,1.13,2013:02:18 15:58:41,2013:02:18 15:58:41,Adobe Photoshop Lightroom 4.2 (Windows),240,240,Pixels/Inch,,,,,Canon EOS REBEL T3i,1/640,"Flash did not fire, compulsory flash mode",30mm
80,Girl Geek Week 2013,Girls Geek Out (26 of 38).jpg,image/jpeg,1105585,1.11,2013:02:18 15:58:49,2013:02:18 15:58:49,Adobe Photoshop Lightroom 4.2 (Windows),240,240,Pixels/Inch,,,,,Canon EOS REBEL T3i,1/500,"Flash did not fire, compulsory flash mode",30mm
81,Girl Geek Week 2013,Girls Geek Out (27 of 38).jpg,image/jpeg,1205516,1.21,2013:02:18 15:59:40,2013:02:18 15:59:40,Adobe Photoshop Lightroom 4.2 (Windows),240,240,Pixels/Inch,,,,,Canon EOS REBEL T3i,1/3200,"Flash did not fire, compulsory flash mode",30mm
82,Girl Geek Week 2013,Girls Geek Out (28 of 38).jpg,image/jpeg,1098957,1.1,2013:02:18 16:00:36,2013:02:18 16:00:36,Adobe Photoshop Lightroom 4.2 (Windows),240,240,Pixels/Inch,,,,,Canon EOS REBEL T3i,1/1000,"Flash did not fire, compulsory flash mode",30mm
83,Girl Geek Week 2013,Girls Geek Out (29 of 38).jpg,image/jpeg,969649,0.97,2013:02:18 16:01:54,2013:02:18 16:01:54,Adobe Photoshop Lightroom 4.2 (Windows),240,240,Pixels/Inch,,,,,Canon EOS REBEL T3i,1/800,"Flash did not fire, compulsory flash mode",30mm
84,Girl Geek Week 2013,Girls Geek Out (30 of 38).jpg,image/jpeg,923028,0.92,2013:02:18 16:02:15,2013:02:18 16:02:15,Adobe Photoshop Lightroom 4.2 (Windows),240,240,Pixels/Inch,,,,,Canon EOS REBEL T3i,1/800,"Flash did not fire, compulsory flash mode",30mm
85,Girl Geek Week 2013,Girls Geek Out (31 of 38).jpg,image/jpeg,861981,0.86,2013:02:18 15:49:24,2013:02:18 15:49:24,Adobe Photoshop Lightroom 4.2 (Windows),240,240,Pixels/Inch,,,,,Canon EOS REBEL T3i,1/1600,"Flash did not fire, compulsory flash mode",30mm
86,Girl Geek Week 2013,Girls Geek Out (32 of 38).jpg,image/jpeg,1029034,1.03,2013:02:18 16:12:29,2013:02:18 16:12:29,Adobe Photoshop Lightroom 4.2 (Windows),240,240,Pixels/Inch,,,,,Canon EOS REBEL T3i,1/640,"Flash did not fire, compulsory flash mode",30mm
87,Girl Geek Week 2013,Girls Geek Out (33 of 38).jpg,image/jpeg,968645,0.97,2013:02:18 16:15:09,2013:02:18 16:15:09,Adobe Photoshop Lightroom 4.2 (Windows),240,240,Pixels/Inch,,,,,Canon EOS REBEL T3i,1/1250,"Flash did not fire, compulsory flash mode",30mm
88,Girl Geek Week 2013,Girls Geek Out (34 of 38).jpg,image/jpeg,1109026,1.11,2013:02:18 16:15:25,2013:02:18 16:15:25,Adobe Photoshop Lightroom 4.2 (Windows),240,240,Pixels/Inch,,,,,Canon EOS REBEL T3i,1/800,"Flash did not fire, compulsory flash mode",30mm
89,Girl Geek Week 2013,Girls Geek Out (35 of 38).jpg,image/jpeg,1018892,1.02,2013:02:18 16:16:47,2013:02:18 16:16:47,Adobe Photoshop Lightroom 4.2 (Windows),240,240,Pixels/Inch,,,,,Canon EOS REBEL T3i,1/640,"Flash did not fire, compulsory flash mode",30mm
90,Girl Geek Week 2013,Girls Geek Out (36 of 38).jpg,image/jpeg,1139116,1.14,2013:02:18 16:20:16,2013:02:18 16:20:16,Adobe Photoshop Lightroom 4.2 (Windows),240,240,Pixels/Inch,,,,,Canon EOS REBEL T3i,1/800,"Flash did not fire, compulsory flash mode",30mm
91,Girl Geek Week 2013,Girls Geek Out (37 of 38).jpg,image/jpeg,998879,1.0,2013:02:18 16:28:45,2013:02:18 16:28:45,Adobe Photoshop Lightroom 4.2 (Windows),240,240,Pixels/Inch,,,,,Canon EOS REBEL T3i,1/3200,"Flash did not fire, compulsory flash mode",30mm
92,Girl Geek Week 2013,Girls Geek Out (38 of 38).jpg,image/jpeg,1149902,1.15,2013:02:18 16:29:27,2013:02:18 16:29:27,Adobe Photoshop Lightroom 4.2 (Windows),240,240,Pixels/Inch,,,,,Canon EOS REBEL T3i,1/500,"Flash did not fire, compulsory flash mode",30mm
93,Girl Geek Week 2013,Girls Geek Out (39 of 38).jpg,image/jpeg,934352,0.93,2013:02:18 16:25:27,2013:02:18 16:25:27,Adobe Photoshop Lightroom 4.2 (Windows),240,240,Pixels/Inch,,,,,Canon EOS REBEL T3i,1/1000,"Flash did not fire, compulsory flash mode",30mm
94,Girl Geek Week 2013,Girls Geek Out (40 of 38).jpg,image/jpeg,1044339,1.04,2013:02:18 16:25:30,2013:02:18 16:25:30,Adobe Photoshop Lightroom 4.2 (Windows),240,240,Pixels/Inch,,,,,Canon EOS REBEL T3i,1/800,"Flash did not fire, compulsory flash mode",30mm
95,Girl Geek Week 2013,Girls Geek Out (41 of 38).jpg,image/jpeg,1011924,1.01,2013:02:18 16:30:26,2013:02:18 16:30:26,Adobe Photoshop Lightroom 4.2 (Windows),240,240,Pixels/Inch,,,,,Canon EOS REBEL T3i,1/3200,"Flash did not fire, compulsory flash mode",30mm
96,Girl Geek Week 2013,Girls Geek Out (42 of 38).jpg,image/jpeg,1019871,1.02,2013:02:18 16:30:31,2013:02:18 16:30:31,Adobe Photoshop Lightroom 4.2 (Windows),240,240,Pixels/Inch,,,,,Canon EOS REBEL T3i,1/3200,"Flash did not fire, compulsory flash mode",30mm
97,Girl Geek Week 2013,Girls Geek Out (43 of 38).jpg,image/jpeg,1300347,1.3,2013:02:18 16:33:00,2013:02:18 16:33:00,Adobe Photoshop Lightroom 4.2 (Windows),240,240,Pixels/Inch,,,,,Canon EOS REBEL T3i,1/250,"Flash did not fire, compulsory flash mode",30mm
98,Girl Geek Week 2013,Girls Geek Out (45 of 38).jpg,image/jpeg,954967,0.95,2013:02:18 16:39:21,2013:02:18 16:39:21,Adobe Photoshop Lightroom 4.2 (Windows),240,240,Pixels/Inch,,,,,Canon EOS REBEL T3i,1/50,"Flash did not fire, compulsory flash mode",30mm
99,Girl Geek Week 2013,Girls Geek Out (46 of 38).jpg,image/jpeg,955586,0.96,2013:02:18 16:41:58,2013:02:18 16:41:58,Adobe Photoshop Lightroom 4.2 (Windows),240,240,Pixels/Inch,,,,,Canon EOS REBEL T3i,1/40,"Flash did not fire, compulsory flash mode",30mm
100,Girl Geek Week 2013,Girls Geek Out (47 of 38).jpg,image/jpeg,1065837,1.07,2013:02:18 16:45:27,2013:02:18 16:45:27,Adobe Photoshop Lightroom 4.2 (Windows),240,240,Pixels/Inch,,,,,Canon EOS REBEL T3i,1/500,"Flash did not fire, compulsory flash mode",30mm
101,Undergrad Solidarity Rally for the GEO,GEO Undergrad Rally (10 of 15).jpg,image/jpeg,1000697,1.0,2012:11:28 13:15:38,2012:11:28 13:15:38,Adobe Photoshop Lightroom 4.2 (Windows),240,240,Pixels/Inch,,,,,Canon EOS REBEL T3i,1/4000,"Flash did not fire, compulsory flash mode",30mm
102,Undergrad Solidarity Rally for the GEO,GEO Undergrad Rally (11 of 15).jpg,image/jpeg,1065489,1.07,2012:11:28 13:18:08,2012:11:28 13:18:08,Adobe Photoshop Lightroom 4.2 (Windows),240,240,Pixels/Inch,,,,,Canon EOS REBEL T3i,1/3200,"Flash did not fire, compulsory flash mode",30mm
103,Undergrad Solidarity Rally for the GEO,GEO Undergrad Rally (12 of 15).jpg,image/jpeg,880504,0.88,2012:11:28 13:18:44,2012:11:28 13:18:44,Adobe Photoshop Lightroom 4.2 (Windows),240,240,Pixels/Inch,,,,,Canon EOS REBEL T3i,1/2500,"Flash did not fire, compulsory flash mode",30mm
104,Undergrad Solidarity Rally for the GEO,GEO Undergrad Rally (13 of 15).jpg,image/jpeg,985946,0.99,2012:11:28 13:27:47,2012:11:28 13:27:47,Adobe Photoshop Lightroom 4.2 (Windows),240,240,Pixels/Inch,,,,,Canon EOS REBEL T3i,1/4000,"Flash did not fire, compulsory flash mode",30mm
105,Undergrad Solidarity Rally for the GEO,GEO Undergrad Rally (14 of 15).jpg,image/jpeg,954732,0.95,2012:11:28 13:31:52,2012:11:28 13:31:52,Adobe Photoshop Lightroom 4.2 (Windows),240,240,Pixels/Inch,,,,,Canon EOS REBEL T3i,1/3200,"Flash did not fire, compulsory flash mode",30mm
106,Undergrad Solidarity Rally for the GEO,GEO Undergrad Rally (15 of 15).jpg,image/jpeg,804526,0.8,2012:11:28 13:18:55,2012:11:28 13:18:55,Adobe Photoshop Lightroom 4.2 (Windows),240,240,Pixels/Inch,,,,,Canon EOS REBEL T3i,1/3200,"Flash did not fire, compulsory flash mode",30mm
107,Undergrad Solidarity Rally for the GEO,GEO Undergrad Rally (16 of 15).jpg,image/jpeg,923690,0.92,2012:11:28 13:34:07,2012:11:28 13:34:07,Adobe Photoshop Lightroom 4.2 (Windows),240,240,Pixels/Inch,,,,,Canon EOS REBEL T3i,1/4000,"Flash did not fire, compulsory flash mode",30mm
108,Undergrad Solidarity Rally for the GEO,GEO Undergrad Rally (17 of 15).jpg,image/jpeg,1357272,1.36,2012:11:28 13:35:53,2012:11:28 13:35:53,Adobe Photoshop Lightroom 4.2 (Windows),240,240,Pixels/Inch,,,,,Canon EOS REBEL T3i,1/2000,"Flash did not fire, compulsory flash mode",30mm
109,Undergrad Solidarity Rally for the GEO,GEO Undergrad Rally (18 of 15).jpg,image/jpeg,882387,0.88,2012:11:28 13:40:24,2012:11:28 13:40:24,Adobe Photoshop Lightroom 4.2 (Windows),240,240,Pixels/Inch,,,,,Canon EOS REBEL T3i,1/4000,"Flash did not fire, compulsory flash mode",30mm
110,Undergrad Solidarity Rally for the GEO,GEO Undergrad Rally (19 of 15).jpg,image/jpeg,657636,0.66,2012:11:28 13:48:38,2012:11:28 13:48:38,Adobe Photoshop Lightroom 4.2 (Windows),240,240,Pixels/Inch,,,,,Canon EOS REBEL T3i,1/1000,"Flash did not fire, compulsory flash mode",30mm
111,Undergrad Solidarity Rally for the GEO,GEO Undergrad Rally (20 of 15).jpg,image/jpeg,935142,0.94,2012:11:28 13:42:22,2012:11:28 13:42:22,Adobe Photoshop Lightroom 4.2 (Windows),240,240,Pixels/Inch,,,,,Canon EOS REBEL T3i,1/4000,"Flash did not fire, compulsory flash mode",30mm
112,Undergrad Solidarity Rally for the GEO,GEO Undergrad Rally (21 of 15).jpg,image/jpeg,803007,0.8,2012:11:28 13:40:33,2012:11:28 13:40:33,Adobe Photoshop Lightroom 4.2 (Windows),240,240,Pixels/Inch,,,,,Canon EOS REBEL T3i,1/2500,"Flash did not fire, compulsory flash mode",30mm
113,Undergrad Solidarity Rally for the GEO,GEO Undergrad Rally (22 of 15).jpg,image/jpeg,1330009,1.33,2012:11:28 13:46:56,2012:11:28 13:46:56,Adobe Photoshop Lightroom 4.2 (Windows),240,240,Pixels/Inch,,,,,Canon EOS REBEL T3i,1/4000,"Flash did not fire, compulsory flash mode",30mm
114,Undergrad Solidarity Rally for the GEO,GEO Undergrad Rally (23 of 15).jpg,image/jpeg,1437847,1.44,2012:11:28 13:55:40,2012:11:28 13:55:40,Adobe Photoshop Lightroom 4.2 (Windows),240,240,Pixels/Inch,,,,,Canon EOS REBEL T3i,1/2500,"Flash did not fire, compulsory flash mode",30mm
115,Undergrad Solidarity Rally for the GEO,GEO Undergrad Rally (24 of 15).jpg,image/jpeg,1600642,1.6,2012:11:28 13:57:34,2012:11:28 13:57:34,Adobe Photoshop Lightroom 4.2 (Windows),240,240,Pixels/Inch,,,,,Canon EOS REBEL T3i,1/1250,"Flash did not fire, compulsory flash mode",30mm
